canonical_facility_id,facility_name,facility_type,facility_subtype,operator,state,district,osm_feature_id,osm_element_type,osm_geometry_type,osm_name,osm_operator,osm_power,osm_industrial,osm_landuse,osm_man_made,osm_plant_source,osm_generator_source,osm_ref,osm_wikidata,osm_website,distance_m,name_score,operator_evidence,type_compatibility,geometry_value,evidence_score,competing_candidates_count,osm_shared_flag,osm_match_status,review_required,review_notes
FAC_TPP_070          ,Raichur Thermal Power Station                                         ,thermal_power_plant  ,coal                                                                                  ,Karnataka Power Corporation                                                                                        ,Karnataka        ,Raichur                      ,828881768,way,Polygon,Raichur Thermal Power Station,Karnataka Power Corporation Limited,plant,,industrial,,coal,,,Q7283704,,357.63,100.0,partial_match,compatible,polygon,106,18,False,confirmed,False,
FAC_TPP_090          ,Rayalaseema Thermal Power Station                                     ,thermal_power_plant  ,coal                                                                                  ,Andhra Pradesh Power Generation Corporation                                                                        ,Andhra Pradesh   ,YSR Kadapa                   ,245128513,way,Polygon,Rayalaseema Thermal Power Station,Andhra Pradesh Power Generation Corporation,plant,,industrial,,coal,,,Q7298370,,538.68,100.0,match,compatible,polygon,106,13,True,confirmed,False,SHARED OSM FEATURE — review carefully
FAC_VIJAYANAGAR_JSW  ,JSW Vijayanagar Power Station                                         ,thermal_power_plant  ,coal                                                                                  ,JSW Energy Limited                                                                                                 ,Karnataka        ,Ballari                      ,822601316,way,Polygon,Vijayanagar Toranagallu Power Station,JSW Energy,plant,,industrial,,coal,,,Q16930658,,799.38,92.6,partial_match,compatible,polygon,86,14,True,confirmed,False,SHARED OSM FEATURE — review carefully
FAC_IND_OIL_005      ,Mangalore Installation (BPCL)                                         ,oil_terminal         ,NA                                                                                    ,BPCL                                                                                                               ,Karnataka        ,Dakshina Kannada             ,322244190,way,Polygon,Bharat Petroleum Mangalore Coastal Installation,,,,industrial,,,,,,,139.23,89.8,no_evidence,incompatible,polygon,78,1,False,confirmed,False,
FAC_IND_OIL_008      ,Irumpanam Installation (BPCL)                                         ,oil_terminal         ,NA                                                                                    ,BPCL                                                                                                               ,Kerala           ,Ernakulam                    ,370027534,way,Polygon,BPCL,,substation,,,,,,,,,205.23,100.0,no_evidence,incompatible,polygon,86,56,True,confirmed,False,SHARED OSM FEATURE — review carefully
FAC_IND_STR_052      ,Hassan Terminal (HPCL)                                                ,storage_terminal     ,NA                                                                                    ,HPCL                                                                                                               ,Karnataka        ,Hassan                       ,292168959,way,Polygon,HPCL POL Terminal,,,,industrial,,,,,,,358.54,86.7,no_evidence,compatible,polygon,80,14,True,confirmed,False,SHARED OSM FEATURE — review carefully
FAC_IND_STR_059      ,Kozhikode Depot (HPCL)                                                ,storage_terminal     ,NA                                                                                    ,HPCL                                                                                                               ,Kerala           ,Kozhikode                    ,800751350,way,Polygon,,,,,industrial,,,,,,,64.64,,no_evidence,compatible,polygon,68,2,False,confirmed,False,
FAC_IND_STR_060      ,Kozhikode Depot (IOCL)                                                ,storage_terminal     ,NA                                                                                    ,IOCL                                                                                                               ,Kerala           ,Kozhikode                    ,698850805,way,Polygon,IOC Feroke Depot,,,,industrial,,,,,,,97.32,55.6,no_evidence,compatible,polygon,76,3,False,confirmed,False,
FAC_IND_STR_092      ,CHENNAI                                                               ,storage_terminal     ,NA                                                                                    ,NA                                                                                                                 ,Tamil Nadu       ,Chennai                      ,1075921842,way,Polygon,,,,,,storage_tank,,,,,,56.25,,no_evidence,compatible,polygon,68,31,False,confirmed,False,
FAC_IND_STR_092      ,CHENNAI                                                               ,storage_terminal     ,NA                                                                                    ,NA                                                                                                                 ,Tamil Nadu       ,Chennai                      ,1075921843,way,Polygon,,,,,,storage_tank,,,,,,25.91,,no_evidence,compatible,polygon,68,31,False,confirmed,False,
FAC_IND_STR_092      ,CHENNAI                                                               ,storage_terminal     ,NA                                                                                    ,NA                                                                                                                 ,Tamil Nadu       ,Chennai                      ,1075921845,way,Polygon,,,,,,storage_tank,,,,,,45.13,,no_evidence,compatible,polygon,68,31,False,confirmed,False,
FAC_IND_STR_092      ,CHENNAI                                                               ,storage_terminal     ,NA                                                                                    ,NA                                                                                                                 ,Tamil Nadu       ,Chennai                      ,1075921848,way,Polygon,,,,,,storage_tank,,,,,,89.59,,no_evidence,compatible,polygon,68,31,False,confirmed,False,
FAC_IND_STR_092      ,CHENNAI                                                               ,storage_terminal     ,NA                                                                                    ,NA                                                                                                                 ,Tamil Nadu       ,Chennai                      ,1075921847,way,Polygon,,,,,,storage_tank,,,,,,83.06,,no_evidence,compatible,polygon,68,31,False,confirmed,False,
FAC_IND_STR_092      ,CHENNAI                                                               ,storage_terminal     ,NA                                                                                    ,NA                                                                                                                 ,Tamil Nadu       ,Chennai                      ,1075921849,way,Polygon,,,,,,storage_tank,,,,,,98.16,,no_evidence,compatible,polygon,68,31,False,confirmed,False,
FAC_IND_STR_101      ,Sankari Depot (IOCL)                                                  ,storage_terminal     ,NA                                                                                    ,IOCL                                                                                                               ,Tamil Nadu       ,Salem                        ,309216707,way,Polygon,இந்தியன் ஆயில் கார்ப்பரேஷன் லிமிடெட் - சங்ககிரி முனையம்,,,,industrial,,,,,,,80.2,,no_evidence,compatible,polygon,68,2,False,confirmed,False,
FAC_IND_STR_105      ,Hyderabad Terminal (IOCL)                                             ,storage_terminal     ,NA                                                                                    ,IOCL                                                                                                               ,Telangana        ,Hyderabad                    ,816762286,way,Polygon,,,,,,storage_tank,,,,,,94.04,,no_evidence,compatible,polygon,68,14,False,confirmed,False,
FAC_IND_STR_105      ,Hyderabad Terminal (IOCL)                                             ,storage_terminal     ,NA                                                                                    ,IOCL                                                                                                               ,Telangana        ,Hyderabad                    ,318619674,way,Polygon,,,,,industrial,,,,,,,7.9,,no_evidence,compatible,polygon,68,14,False,confirmed,False,
FAC_WRI_0032         ,BASIN BRIDGE GT                                                       ,thermal_power_plant  ,gas                                                                                   ,NA                                                                                                                 ,Tamil Nadu       ,Chennai                      ,28342737,way,Polygon,Basin Bridge Gas Turbine Power Station,Tamil Nadu State Electricity Board,plant,,industrial,,oil,,,Q17049596,,473.92,88.9,no_evidence,compatible,polygon,88,20,False,confirmed,False,
FAC_WRI_0034         ,BELGAUM UGAR                                                          ,thermal_power_plant  ,biomass                                                                               ,Ugar Works ltd                                                                                                     ,Karnataka        ,Kagawada taluku              ,1218347786,way,Polygon,,,plant,,industrial,,,,,,,71.38,,no_evidence,compatible,polygon,68,8,False,confirmed,False,
FAC_WRI_0034         ,BELGAUM UGAR                                                          ,thermal_power_plant  ,biomass                                                                               ,Ugar Works ltd                                                                                                     ,Karnataka        ,Kagawada taluku              ,250771509,way,Polygon,Ugar Sugars,KPTCL,substation,,,,,,,,,226.5,60.9,mismatch,incompatible,polygon,66,8,False,confirmed,False,
FAC_WRI_0036         ,BELLARY HOTHUR                                                        ,thermal_power_plant  ,coal                                                                                  ,Hothur Pvt ltd                                                                                                     ,Karnataka        ,Kurugodu taluk               ,350607912,way,Polygon,Hothur Ispat Pvt Ltd,,,,industrial,,,,,,,111.5,60.0,no_evidence,incompatible,polygon,66,2,False,confirmed,False,
FAC_WRI_0053         ,BRAMHAPURAM DG                                                        ,thermal_power_plant  ,oil                                                                                   ,NA                                                                                                                 ,Kerala           ,Kunnathunad                  ,310521022,way,Polygon,Brahmapuram Diesel Power Plant,Kerala State Electricity Board Limited,plant,,industrial,,diesel,,,Q28172473,,101.85,54.5,no_evidence,compatible,polygon,74,17,False,confirmed,False,
FAC_WRI_0054         ,BSES Kerala CCGT                                                      ,thermal_power_plant  ,gas                                                                                   ,NA                                                                                                                 ,Kerala           ,Paravur                      ,314628123,way,Polygon,BSES Kochi Kerala Power Ltd,Reliance Infra,plant,,industrial,,oil,,,Q19377601,,75.1,81.5,no_evidence,compatible,polygon,108,15,False,confirmed,False,
FAC_WRI_0066         ,CORE GREEN SUGAR                                                      ,thermal_power_plant  ,biomass                                                                               ,Core Fuels ltd                                                                                                     ,Karnataka        ,Wadagera taluku              ,1244090961,way,Polygon,Core Green Sugars,,substation,,,,,,,,,286.47,97.0,no_evidence,incompatible,polygon,76,1,False,confirmed,False,
FAC_WRI_0072         ,DANAPUR BMM                                                           ,thermal_power_plant  ,coal                                                                                  ,Bmm Pvt ltd                                                                                                        ,Karnataka        ,Hosapete taluk               ,251260610,way,Polygon,BMM,,substation,,,,,,,,,155.25,100.0,no_evidence,incompatible,polygon,86,8,False,confirmed,False,
FAC_WRI_0072         ,DANAPUR BMM                                                           ,thermal_power_plant  ,coal                                                                                  ,Bmm Pvt ltd                                                                                                        ,Karnataka        ,Hosapete taluk               ,1186902443,way,Polygon,Danapuram BMM Captive Power Plant 1,,plant,,industrial,,coal,,,,,39.34,47.8,no_evidence,compatible,polygon,76,8,False,confirmed,False,
FAC_WRI_0097         ,GAUTAMI CCCP                                                          ,thermal_power_plant  ,gas                                                                                   ,NA                                                                                                                 ,Andhra Pradesh   ,Samalkota                    ,308596015,way,Polygon,Gauthami CCPP,,substation,,,,,,,,,210.7,88.0,no_evidence,incompatible,polygon,78,10,False,confirmed,False,
FAC_WRI_0097         ,GAUTAMI CCCP                                                          ,thermal_power_plant  ,gas                                                                                   ,NA                                                                                                                 ,Andhra Pradesh   ,Samalkota                    ,465797713,way,Polygon,Gautami Combined Cycle Power Plant,GVK,plant,,industrial,,gas,,,Q16889538,,193.14,73.7,no_evidence,compatible,polygon,86,10,False,confirmed,False,
FAC_WRI_0102         ,GODAVARI GT                                                           ,thermal_power_plant  ,gas                                                                                   ,NA                                                                                                                 ,Andhra Pradesh   ,Kothapalle                   ,396376950,way,Polygon,Spectrum Power Generation Kakinada Plant,Spectrum Power Generation,plant,,industrial,,gas,,,Q120428955,,160.19,31.4,no_evidence,compatible,polygon,66,9,False,confirmed,False,
FAC_WRI_0128         ,JEGURUPADU GT                                                         ,thermal_power_plant  ,gas                                                                                   ,NA                                                                                                                 ,Andhra Pradesh   ,Kadiam                       ,823015163,way,Polygon,Jegurupadu Combined Cycle Power Plant,GVK,plant,,industrial,,gas,,,Q11978364,,263.64,87.0,no_evidence,compatible,polygon,88,9,False,confirmed,False,
FAC_WRI_0131         ,KAKATIYA TPP                                                          ,thermal_power_plant  ,coal                                                                                  ,NA                                                                                                                 ,Telangana        ,Ghanapur Mulug mandal        ,242702057,way,Polygon,Kakatiya Thermal Power Station,Telangana State Power Generation Corporation Limited,plant,,industrial,,coal,,,Q6349291,,302.96,80.0,no_evidence,compatible,polygon,88,7,False,confirmed,False,
FAC_WRI_0131         ,KAKATIYA TPP                                                          ,thermal_power_plant  ,coal                                                                                  ,NA                                                                                                                 ,Telangana        ,Ghanapur Mulug mandal        ,242702062,way,Polygon,Kakatiya TPP,,substation,,,,,,,,,305.23,100.0,no_evidence,incompatible,polygon,76,7,False,confirmed,False,
FAC_WRI_0137         ,KARUPPUR GT                                                           ,thermal_power_plant  ,gas                                                                                   ,NA                                                                                                                 ,Tamil Nadu       ,Thiruvidaimarudur            ,374825637,way,Polygon,Lanco Tanjore Power Plant,Lanco,plant,,industrial,,gas,,,Q12005190,,81.04,22.2,no_evidence,compatible,polygon,76,5,False,confirmed,False,
FAC_WRI_0150         ,KOJIKODE DG                                                           ,thermal_power_plant  ,oil                                                                                   ,NA                                                                                                                 ,Kerala           ,Kozhikode                    ,799792158,way,Polygon,KSEB Nallalam Diesel Power Plant,Kerala State Electricity Board,plant,power,,,diesel,,,,,17.71,23.3,no_evidence,compatible,polygon,68,19,False,confirmed,False,
FAC_WRI_0156         ,KONASEEMA CCCP                                                        ,thermal_power_plant  ,gas                                                                                   ,NA                                                                                                                 ,Andhra Pradesh   ,Ravulapalem                  ,242167503,way,Polygon,Konaseema CCPP,,substation,,,,,,,,,240.38,92.9,no_evidence,incompatible,polygon,86,9,False,confirmed,False,
FAC_WRI_0156         ,KONASEEMA CCCP                                                        ,thermal_power_plant  ,gas                                                                                   ,NA                                                                                                                 ,Andhra Pradesh   ,Ravulapalem                  ,242167570,way,Polygon,Konaseema Power Plant,Konaseema Gas Power Limited,plant,,industrial,,gas,,,Q120451102,https://www.konaseemapower.com/,306.47,78.3,no_evidence,compatible,polygon,76,9,False,confirmed,False,
FAC_WRI_0157         ,KONDAPALLI GT                                                         ,thermal_power_plant  ,gas                                                                                   ,NA                                                                                                                 ,Andhra Pradesh   ,G.Konduru                    ,242291948,way,Polygon,Kondapalli CCPP,,substation,,,,,,,,,193.21,87.0,no_evidence,incompatible,polygon,78,24,False,confirmed,False,
FAC_WRI_0157         ,KONDAPALLI GT                                                         ,thermal_power_plant  ,gas                                                                                   ,NA                                                                                                                 ,Andhra Pradesh   ,G.Konduru                    ,242291892,way,Polygon,Lanco Kondapalli Power Plant,Lanco,plant,,industrial,,gas,,,Q11981567,,255.16,87.0,no_evidence,compatible,polygon,88,24,False,confirmed,False,
FAC_WRI_0157         ,KONDAPALLI GT                                                         ,thermal_power_plant  ,gas                                                                                   ,NA                                                                                                                 ,Andhra Pradesh   ,G.Konduru                    ,242291928,way,Polygon,Kondapalli CCPP,,substation,,,,,,,,,166.93,87.0,no_evidence,incompatible,polygon,78,24,False,confirmed,False,
FAC_WRI_0158         ,KOPPA SUGAR                                                           ,thermal_power_plant  ,biomass                                                                               ,Nsl Sugars ltd                                                                                                     ,Karnataka        ,Madduru taluk                ,283880591,way,Polygon,NSL Sugar,,,,industrial,,,,,,,127.81,71.4,no_evidence,incompatible,polygon,66,2,False,confirmed,False,
FAC_WRI_0158         ,KOPPA SUGAR                                                           ,thermal_power_plant  ,biomass                                                                               ,Nsl Sugars ltd                                                                                                     ,Karnataka        ,Madduru taluk                ,283880592,way,Polygon,NSL Sugar,,substation,,,,,,,,,182.97,71.4,no_evidence,incompatible,polygon,66,2,False,confirmed,False,
FAC_WRI_0167         ,KUDGI                                                                 ,thermal_power_plant  ,coal                                                                                  ,NA                                                                                                                 ,Karnataka        ,Kolahara Taluku              ,409304658,way,Polygon,Kudgi Super Thermal Power Project,NTPC,substation,,,,,,,,,458.18,100.0,no_evidence,incompatible,polygon,76,12,False,confirmed,False,
FAC_WRI_0167         ,KUDGI                                                                 ,thermal_power_plant  ,coal                                                                                  ,NA                                                                                                                 ,Karnataka        ,Kolahara Taluku              ,409304651,way,Polygon,Kudgi Super Thermal Power Project,NTPS,plant,,industrial,,coal,,,Q15717503,,652.25,100.0,no_evidence,compatible,polygon,86,12,False,confirmed,False,
FAC_WRI_0196         ,METTUR                                                                ,thermal_power_plant  ,coal                                                                                  ,NA                                                                                                                 ,Tamil Nadu       ,Mettur                       ,340479253,way,Polygon,Mettur Thermal Power Station,,substation,,,,,,,,,158.01,100.0,no_evidence,incompatible,polygon,86,9,True,confirmed,False,SHARED OSM FEATURE — review carefully
FAC_WRI_0225         ,NEYVELI ST I                                                          ,thermal_power_plant  ,coal                                                                                  ,NA                                                                                                                 ,Tamil Nadu       ,Panruti                      ,465874233,way,Polygon,Neyveli Thermal Power Station I,NLC India,plant,,industrial,,coal,,,Q7021491,,335.39,85.7,no_evidence,compatible,polygon,88,7,False,confirmed,False,
FAC_WRI_0226         ,NEYVELI ST II                                                         ,thermal_power_plant  ,coal                                                                                  ,NA                                                                                                                 ,Tamil Nadu       ,Virudhachalam                ,136727943,way,Polygon,Neyveli Thermal Power Station II,NLC India,plant,,industrial,,coal,,,Q7021491,,390.93,87.0,no_evidence,compatible,polygon,88,17,True,confirmed,False,SHARED OSM FEATURE — review carefully
FAC_WRI_0228         ,NEYVELI TPS(Z)                                                        ,thermal_power_plant  ,coal                                                                                  ,NA                                                                                                                 ,Tamil Nadu       ,Virudhachalam                ,924966809,way,Polygon,Neyveli Zero Power Plant,,plant,,industrial,,coal,,,,,213.64,70.0,no_evidence,compatible,polygon,78,4,False,confirmed,False,
FAC_WRI_0232         ,NORTH CHENNAI                                                         ,thermal_power_plant  ,coal                                                                                  ,NA                                                                                                                 ,Tamil Nadu       ,Ponneri                      ,102546589,way,Polygon,North Chennai Thermal Station,Tamil Nadu Generation and Distribution Corporation,plant,,industrial,,coal,,,Q7054795,,455.39,100.0,no_evidence,compatible,polygon,96,22,True,confirmed,False,SHARED OSM FEATURE — review carefully
FAC_WRI_0235         ,P.NALLUR CCGT                                                         ,thermal_power_plant  ,gas                                                                                   ,NA                                                                                                                 ,Tamil Nadu       ,Tharangambadi                ,156177503,way,Polygon,Pillaiperumalnallur Gas Power Plant,,plant,,industrial,,,,,,,118.03,41.7,no_evidence,compatible,polygon,66,8,False,confirmed,False,
FAC_WRI_0255         ,RAICHUR                                                               ,thermal_power_plant  ,coal                                                                                  ,NA                                                                                                                 ,Karnataka        ,Rayachuru taluku             ,433546015,way,Polygon,Raichur Thermal Power Station,KPCL,substation,,,,,,,,,179.15,100.0,no_evidence,incompatible,polygon,86,16,True,confirmed,False,SHARED OSM FEATURE — review carefully
FAC_WRI_0277         ,R_GUNDEM - B                                                          ,thermal_power_plant  ,coal                                                                                  ,NA                                                                                                                 ,Telangana        ,Ramagundam mandal            ,7653562198,node,Point,Ramagundam B,,generator,,,,,coal,,,,41.02,63.6,no_evidence,compatible,point,82,10,False,confirmed,False,
FAC_WRI_0283         ,SAMALPATTI DG                                                         ,thermal_power_plant  ,oil                                                                                   ,NA                                                                                                                 ,Tamil Nadu       ,Pochampalli                  ,1236768341,way,Polygon,Samalpatti DPP,TANGEDCO,substation,,,,,,,,,167.62,88.9,no_evidence,incompatible,polygon,78,11,False,confirmed,False,
FAC_WRI_0284         ,SAMAYANALLUR DG                                                       ,thermal_power_plant  ,oil                                                                                   ,NA                                                                                                                 ,Tamil Nadu       ,Madurai North                ,1049860887,way,Polygon,Samayanallur,TANTRANSCO,substation,,,,,,,,,342.41,100.0,no_evidence,incompatible,polygon,76,3,False,confirmed,False,
FAC_WRI_0299         ,SHRI MALAPRABHA                                                       ,thermal_power_plant  ,biomass                                                                               ,Shri Malaprabha ssk                                                                                                ,Karnataka        ,Kitturu taluku               ,1514050913,way,Polygon,Malaprabha Co-operative Sugar Factory,,,,industrial,,,,,,,208.0,80.0,no_evidence,incompatible,polygon,78,1,False,confirmed,False,
FAC_WRI_0302         ,SIMHADRI                                                              ,thermal_power_plant  ,coal                                                                                  ,NA                                                                                                                 ,Andhra Pradesh   ,Paravada                     ,241951906,way,Polygon,Simhadri Super Thermal Power Station,NTPC,plant,,industrial,,coal,,,Q7517708,,506.19,100.0,no_evidence,compatible,polygon,86,11,False,confirmed,False,
FAC_WRI_0307         ,SITAPURAM POWER LIMITED                                               ,thermal_power_plant  ,coal                                                                                  ,NA                                                                                                                 ,Andhra Pradesh   ,Jaggayyapeta                 ,468369617,way,Polygon,Sitapuram Power Plant,,,,,works,,,,,,145.34,83.3,no_evidence,incompatible,polygon,78,5,False,confirmed,False,
FAC_WRI_0324         ,TANIR BAVI                                                            ,thermal_power_plant  ,gas                                                                                   ,NA                                                                                                                 ,Karnataka        ,Mangaluru taluk              ,258649221,way,Polygon,Thannirbhavi Power Plant,,plant,,,,gas,,,,,74.44,41.2,no_evidence,compatible,polygon,76,3,False,confirmed,False,
FAC_WRI_0334         ,TUTICORIN                                                             ,thermal_power_plant  ,coal                                                                                  ,NA                                                                                                                 ,Tamil Nadu       ,Thoothukkudi                 ,662798207,way,Polygon,Tuticorin Thermal Power Station,,plant,,industrial,,coal,,,Q12006136,,103.5,100.0,no_evidence,compatible,polygon,106,19,True,confirmed,False,SHARED OSM FEATURE — review carefully
FAC_WRI_0338         ,UDUPI TPP                                                             ,thermal_power_plant  ,coal                                                                                  ,NA                                                                                                                 ,Karnataka        ,Kapu taluku                  ,256638645,way,Polygon,Udupi Power Corporation Limited,Adani Power,plant,,industrial,,coal,,,Q11990788,,219.34,71.4,no_evidence,compatible,polygon,86,9,False,confirmed,False,
FAC_WRI_0345         ,VALANTHARVI GT                                                        ,thermal_power_plant  ,gas                                                                                   ,NA                                                                                                                 ,Tamil Nadu       ,Ramanathapuram               ,969657153,way,Polygon,Arkay Valantharvi Power Plant,,plant,,industrial,,gas,,,,,213.23,88.0,no_evidence,compatible,polygon,90,10,False,confirmed,False,
FAC_WRI_0345         ,VALANTHARVI GT                                                        ,thermal_power_plant  ,gas                                                                                   ,NA                                                                                                                 ,Tamil Nadu       ,Ramanathapuram               ,969654405,way,Polygon,Valantharavai Combined Cycle Gas Power Plant,,plant,,industrial,,gas,,,,,10.97,48.3,no_evidence,compatible,polygon,76,10,False,confirmed,False,
FAC_WRI_0347         ,VALUTHUR GT                                                           ,thermal_power_plant  ,gas                                                                                   ,NA                                                                                                                 ,Tamil Nadu       ,Ramanathapuram               ,310430084,way,Polygon,,,generator,,,,,gas,,,,42.1,,no_evidence,compatible,polygon,68,9,False,confirmed,False,
FAC_WRI_0347         ,VALUTHUR GT                                                           ,thermal_power_plant  ,gas                                                                                   ,NA                                                                                                                 ,Tamil Nadu       ,Ramanathapuram               ,310430103,way,Polygon,Valathur,,substation,,,,,,,,,165.45,73.7,no_evidence,incompatible,polygon,66,9,False,confirmed,False,
FAC_WRI_0347         ,VALUTHUR GT                                                           ,thermal_power_plant  ,gas                                                                                   ,NA                                                                                                                 ,Tamil Nadu       ,Ramanathapuram               ,310430102,way,Polygon,Valathur,Tamil Nadu Generation and Distribution Corporation,plant,,industrial,,gas,,,,,95.13,73.7,no_evidence,compatible,polygon,88,9,False,confirmed,False,
FAC_WRI_0350         ,VASAVADATTA CEMENT                                                    ,thermal_power_plant  ,coal                                                                                  ,Kesoram Industries ltd                                                                                             ,Karnataka        ,Sedam taluku                 ,436265187,way,Polygon,Vasavadatta Cement,,,,industrial,,,,,,,86.24,100.0,no_evidence,incompatible,polygon,96,8,False,confirmed,False,
FAC_WRI_0356         ,VIJESWARAM GT                                                         ,thermal_power_plant  ,gas                                                                                   ,NA                                                                                                                 ,Andhra Pradesh   ,Kovvur                       ,308740411,way,Polygon,Vijjeswaram Gas Power Plant,Andhra Pradesh Gas Power Corporation Limited,plant,,industrial,,gas,,,Q120451124,http://www.apgpcl.org,16.76,65.0,no_evidence,compatible,polygon,96,9,False,confirmed,False,
FAC_WRI_0359         ,VIZAG TPP                                                             ,thermal_power_plant  ,coal                                                                                  ,NA                                                                                                                 ,Andhra Pradesh   ,Pedagantyada                 ,385123914,way,Polygon,Vizag Thermal Power Station,Hinduja National Power Company Limited,plant,,industrial,,coal,,,Q24944034,,348.16,71.4,no_evidence,compatible,polygon,76,5,False,confirmed,False,
FAC_WRI_0359         ,VIZAG TPP                                                             ,thermal_power_plant  ,coal                                                                                  ,NA                                                                                                                 ,Andhra Pradesh   ,Pedagantyada                 ,385123926,way,Polygon,Vizag TPP,,substation,,,,,,,,,408.36,100.0,no_evidence,incompatible,polygon,76,5,False,confirmed,False,
FAC_WRI_0360         ,WADI CEMENT PLANT                                                     ,thermal_power_plant  ,coal                                                                                  ,Acc Acc ltd                                                                                                        ,Karnataka        ,Chitapura taluku             ,1228760183,way,Polygon,,,plant,,industrial,,,,,,,6.92,,no_evidence,compatible,polygon,68,6,False,confirmed,False,
FAC_WRI_0366         ,YELHANKA (DG)                                                         ,thermal_power_plant  ,oil                                                                                   ,NA                                                                                                                 ,Karnataka        ,Yelahanka taluku             ,1524409303,way,Polygon,,,,,industrial,,diesel,,,,,15.08,,no_evidence,compatible,polygon,68,17,False,confirmed,False,
FAC_WRI_0366         ,YELHANKA (DG)                                                         ,thermal_power_plant  ,oil                                                                                   ,NA                                                                                                                 ,Karnataka        ,Yelahanka taluku             ,669945295,way,Polygon,Yelahanka CCPP,KPCL,substation,,,,,,,,,188.14,72.0,no_evidence,incompatible,polygon,66,17,False,confirmed,False,
FAC_WRI_0367         ,YERMARUS TPP                                                          ,thermal_power_plant  ,coal                                                                                  ,NA                                                                                                                 ,Karnataka        ,Rayachuru taluku             ,386018726,way,Polygon,Yermarus Thermal Power Station,KPCL,substation,,,,,,,,,434.86,80.0,no_evidence,incompatible,polygon,68,6,False,confirmed,False,
